28,\N,12,2,18,\N,2019-05-02 10:11:18,1,\N,2019-05-02 10:12:03,\N,true
29,\N,12,2,19,\N,2019-05-02 10:11:18,1,\N,2019-05-02 10:12:03,\N,true
30,\N,12,2,20,\N,2019-05-02 10:11:18,1,\N,2019-05-02 10:12:03,\N,true
31,\N,12,2,17,\N,2019-05-02 10:11:18,1,\N,2019-05-02 10:12:03,\N,true
32,\N,12,1,\N,7,2019-05-02 10:12:03,2,\N,2019-05-02 12:28:48,\N,false
43,\N,17,2,26,\N,2019-05-13 10:16:15,1,\N,2019-05-13 10:17:00,\N,true
44,\N,17,2,27,\N,2019-05-13 10:16:15,1,\N,2019-05-13 10:17:00,\N,true
45,\N,17,2,28,\N,2019-05-13 10:16:15,1,\N,2019-05-13 10:17:00,\N,true
46,\N,17,2,25,\N,2019-05-13 10:16:15,1,\N,2019-05-13 10:17:00,\N,true
47,\N,17,1,\N,10,2019-05-13 10:17:00,2,\N,2019-05-13 12:33:45,\N,false
48,\N,19,2,32,\N,2019-05-13 10:38:21,1,\N,2019-05-13 10:39:06,\N,true
49,\N,19,2,29,\N,2019-05-13 10:38:21,1,\N,2019-05-13 10:39:06,\N,true
50,\N,19,2,30,\N,2019-05-13 10:38:21,1,\N,2019-05-13 10:39:06,\N,true
51,\N,19,2,31,\N,2019-05-13 10:38:21,1,\N,2019-05-13 10:39:06,\N,true
52,\N,19,1,\N,11,2019-05-13 10:39:06,2,\N,2019-05-13 12:55:51,\N,false
53,\N,24,2,38,\N,2019-05-14 10:08:27,1,\N,2019-05-14 10:09:12,\N,true
54,\N,24,2,39,\N,2019-05-14 10:08:27,1,\N,2019-05-14 10:09:12,\N,true
55,\N,24,2,40,\N,2019-05-14 10:08:27,1,\N,2019-05-14 10:09:12,\N,true
56,\N,24,2,37,\N,2019-05-14 10:08:27,1,\N,2019-05-14 10:09:12,\N,true
57,\N,24,1,\N,12,2019-05-14 10:09:12,2,\N,2019-05-14 12:25:57,\N,false
58,\N,26,2,35,\N,2019-05-14 10:34:15,1,\N,2019-05-14 10:35:00,\N,true
59,\N,26,2,36,\N,2019-05-14 10:34:15,1,\N,2019-05-14 10:35:00,\N,true
60,\N,26,2,33,\N,2019-05-14 10:34:15,1,\N,2019-05-14 10:35:00,\N,true
61,\N,26,2,34,\N,2019-05-14 10:34:15,1,\N,2019-05-14 10:35:00,\N,true
62,\N,26,1,\N,13,2019-05-14 10:35:00,2,\N,2019-05-14 12:51:45,\N,false
63,\N,29,2,45,\N,2019-05-14 14:09:02,1,\N,2019-05-14 14:09:47,\N,true
64,\N,29,2,46,\N,2019-05-14 14:09:02,1,\N,2019-05-14 14:09:47,\N,true
65,\N,29,2,47,\N,2019-05-14 14:09:02,1,\N,2019-05-14 14:09:47,\N,true
66,\N,29,2,48,\N,2019-05-14 14:09:02,1,\N,2019-05-14 14:09:47,\N,true
67,\N,29,1,\N,14,2019-05-14 14:09:47,2,\N,2019-05-14 16:26:32,\N,false
69,\N,34,2,52,\N,2019-05-15 10:09:38,1,\N,2019-05-15 10:10:23,\N,true
70,\N,34,2,49,\N,2019-05-15 10:09:38,1,\N,2019-05-15 10:10:23,\N,true
71,\N,34,2,50,\N,2019-05-15 10:09:38,1,\N,2019-05-15 10:10:23,\N,true
72,\N,34,2,51,\N,2019-05-15 10:09:38,1,\N,2019-05-15 10:10:23,\N,true
73,\N,34,1,\N,15,2019-05-15 10:10:23,2,\N,2019-05-15 12:27:08,\N,false
74,\N,36,2,56,\N,2019-05-15 10:42:12,1,\N,2019-05-15 10:42:57,\N,true
75,\N,36,2,54,\N,2019-05-15 10:42:12,1,\N,2019-05-15 10:42:57,\N,true
76,\N,36,2,55,\N,2019-05-15 10:42:12,1,\N,2019-05-15 10:42:57,\N,true
77,\N,36,2,53,\N,2019-05-15 10:42:12,1,\N,2019-05-15 10:42:57,\N,true
78,\N,36,1,\N,16,2019-05-15 10:42:57,2,\N,2019-05-15 12:59:42,\N,false
79,\N,39,2,59,\N,2019-05-15 14:08:39,1,\N,2019-05-15 14:09:24,\N,true
80,\N,39,2,60,\N,2019-05-15 14:08:39,1,\N,2019-05-15 14:09:24,\N,true
81,\N,39,2,57,\N,2019-05-15 14:08:39,1,\N,2019-05-15 14:09:24,\N,true
82,\N,39,2,58,\N,2019-05-15 14:08:39,1,\N,2019-05-15 14:09:24,\N,true
83,\N,39,1,\N,17,2019-05-15 14:09:24,2,\N,2019-05-15 16:26:09,\N,false
91,\N,43,2,64,\N,2019-05-15 14:32:15,1,\N,2019-05-15 14:33:00,\N,true
92,\N,43,2,62,\N,2019-05-15 14:32:15,1,\N,2019-05-15 14:33:00,\N,true
93,\N,43,2,61,\N,2019-05-15 14:32:15,1,\N,2019-05-15 14:33:00,\N,true
97,\N,46,2,73,\N,2019-05-15 14:39:55,1,\N,2019-05-15 14:40:40,\N,true
98,\N,46,2,71,\N,2019-05-15 14:39:55,1,\N,2019-05-15 14:40:40,\N,true
99,\N,46,2,72,\N,2019-05-15 14:39:55,1,\N,2019-05-15 14:40:40,\N,true
100,\N,46,2,70,\N,2019-05-15 14:39:55,1,\N,2019-05-15 14:40:40,\N,true
101,\N,46,1,\N,19,2019-05-15 14:40:40,2,\N,2019-05-15 16:57:25,\N,false
104,\N,49,2,76,\N,2019-05-16 10:10:18,1,\N,2019-05-16 10:11:03,\N,true
105,\N,49,2,77,\N,2019-05-16 10:10:18,1,\N,2019-05-16 10:11:03,\N,true
106,\N,49,2,74,\N,2019-05-16 10:10:18,1,\N,2019-05-16 10:11:03,\N,true
107,\N,49,2,75,\N,2019-05-16 10:10:18,1,\N,2019-05-16 10:11:03,\N,true
108,\N,49,1,\N,20,2019-05-16 10:11:03,2,\N,2019-05-16 12:27:48,\N,false
109,\N,51,2,81,\N,2019-05-16 10:37:54,1,\N,2019-05-16 10:38:39,\N,true
110,\N,51,2,79,\N,2019-05-16 10:37:54,1,\N,2019-05-16 10:38:39,\N,true
111,\N,51,2,80,\N,2019-05-16 10:37:54,1,\N,2019-05-16 10:38:39,\N,true
112,\N,51,2,78,\N,2019-05-16 10:37:54,1,\N,2019-05-16 10:38:39,\N,true
113,\N,51,1,\N,21,2019-05-16 10:38:39,2,\N,2019-05-16 12:55:24,\N,false
114,\N,53,2,84,\N,2019-05-16 15:23:20,1,\N,2019-05-16 15:24:05,\N,true
115,\N,53,2,85,\N,2019-05-16 15:23:20,1,\N,2019-05-16 15:24:05,\N,true
116,\N,53,2,82,\N,2019-05-16 15:23:20,1,\N,2019-05-16 15:24:05,\N,true
117,\N,53,2,83,\N,2019-05-16 15:23:20,1,\N,2019-05-16 15:24:05,\N,true
118,\N,53,1,\N,22,2019-05-16 15:24:05,2,\N,2019-05-16 17:40:50,\N,false
119,\N,57,2,87,\N,2019-05-17 10:39:14,1,\N,2019-05-17 10:39:59,\N,true
120,\N,57,2,88,\N,2019-05-17 10:39:14,1,\N,2019-05-17 10:39:59,\N,true
121,\N,57,2,86,\N,2019-05-17 10:39:14,1,\N,2019-05-17 10:39:59,\N,true
122,\N,57,2,89,\N,2019-05-17 10:39:14,1,\N,2019-05-17 10:39:59,\N,true
123,\N,57,1,\N,23,2019-05-17 10:39:59,2,\N,2019-05-17 12:56:44,\N,false
139,\N,62,2,90,\N,2019-05-17 14:40:52,1,\N,2019-05-17 14:41:22,\N,true
140,\N,62,2,91,\N,2019-05-17 14:40:52,1,\N,2019-05-17 14:41:22,\N,true
141,\N,62,2,92,\N,2019-05-17 14:40:52,1,\N,2019-05-17 14:41:22,\N,true
142,\N,62,2,93,\N,2019-05-17 14:40:52,1,\N,2019-05-17 14:41:22,\N,true
143,\N,62,1,\N,27,2019-05-17 14:41:22,2,\N,2019-05-17 16:58:07,\N,false
144,\N,63,2,96,\N,2019-05-17 15:11:50,1,\N,2019-05-17 15:12:20,\N,true
145,\N,63,2,97,\N,2019-05-17 15:11:50,1,\N,2019-05-17 15:12:20,\N,true
146,\N,63,2,94,\N,2019-05-17 15:11:50,1,\N,2019-05-17 15:12:20,\N,true
147,\N,63,2,95,\N,2019-05-17 15:11:50,1,\N,2019-05-17 15:12:20,\N,true
148,\N,63,1,\N,28,2019-05-17 15:12:20,2,\N,2019-05-17 17:29:05,\N,false
156,\N,71,2,105,\N,2019-05-20 10:44:46,1,\N,2019-05-20 10:45:16,\N,true
157,\N,71,2,103,\N,2019-05-20 10:44:46,1,\N,2019-05-20 10:45:16,\N,true
158,\N,71,2,104,\N,2019-05-20 10:44:46,1,\N,2019-05-20 10:45:16,\N,true
159,\N,71,2,102,\N,2019-05-20 10:44:46,1,\N,2019-05-20 10:45:16,\N,true
160,\N,71,1,\N,30,2019-05-20 10:45:16,2,\N,2019-05-20 13:02:01,\N,false
161,\N,72,2,108,\N,2019-05-20 12:39:07,1,\N,2019-05-20 12:39:37,\N,true
162,\N,72,2,109,\N,2019-05-20 12:39:07,1,\N,2019-05-20 12:39:37,\N,true
163,\N,72,2,106,\N,2019-05-20 12:39:07,1,\N,2019-05-20 12:39:37,\N,true
164,\N,72,2,107,\N,2019-05-20 12:39:07,1,\N,2019-05-20 12:39:37,\N,true
165,\N,72,1,\N,31,2019-05-20 12:39:37,2,\N,2019-05-20 14:56:22,\N,false
166,\N,74,2,113,\N,2019-05-20 13:03:36,1,\N,2019-05-20 13:04:06,\N,true
167,\N,74,2,111,\N,2019-05-20 13:03:36,1,\N,2019-05-20 13:04:06,\N,true
168,\N,74,2,112,\N,2019-05-20 13:03:36,1,\N,2019-05-20 13:04:06,\N,true
169,\N,74,2,110,\N,2019-05-20 13:03:36,1,\N,2019-05-20 13:04:06,\N,true
170,\N,74,1,\N,32,2019-05-20 13:04:06,2,\N,2019-05-20 15:20:51,\N,false
171,\N,75,2,116,\N,2019-05-20 14:50:28,1,\N,2019-05-20 14:50:58,\N,true
172,\N,75,2,117,\N,2019-05-20 14:50:28,1,\N,2019-05-20 14:50:58,\N,true
173,\N,75,2,114,\N,2019-05-20 14:50:28,1,\N,2019-05-20 14:50:58,\N,true
174,\N,75,2,115,\N,2019-05-20 14:50:28,1,\N,2019-05-20 14:50:58,\N,true
175,\N,75,1,\N,33,2019-05-20 14:50:58,2,\N,2019-05-20 17:07:43,\N,false
176,\N,77,2,121,\N,2019-05-21 10:11:15,1,\N,2019-05-21 10:11:45,\N,true
177,\N,77,2,120,\N,2019-05-21 10:11:15,1,\N,2019-05-21 10:11:45,\N,true
178,\N,77,2,118,\N,2019-05-21 10:11:15,1,\N,2019-05-21 10:11:45,\N,true
179,\N,79,2,124,\N,2019-05-21 10:13:01,1,\N,2019-05-21 10:13:31,\N,true
180,\N,79,2,125,\N,2019-05-21 10:13:01,1,\N,2019-05-21 10:13:31,\N,true
181,\N,79,2,122,\N,2019-05-21 10:13:01,1,\N,2019-05-21 10:13:31,\N,true
182,\N,79,2,123,\N,2019-05-21 10:13:01,1,\N,2019-05-21 10:13:31,\N,true
183,\N,79,1,\N,34,2019-05-21 10:13:31,2,\N,2019-05-21 12:30:16,\N,false
184,\N,82,2,132,\N,2019-05-21 10:24:12,1,\N,2019-05-21 10:24:42,\N,true
185,\N,82,2,133,\N,2019-05-21 10:24:12,1,\N,2019-05-21 10:24:42,\N,true
186,\N,82,2,130,\N,2019-05-21 10:24:12,1,\N,2019-05-21 10:24:42,\N,true
187,\N,82,2,131,\N,2019-05-21 10:24:12,1,\N,2019-05-21 10:24:42,\N,true
188,\N,82,1,\N,35,2019-05-21 10:24:42,2,\N,2019-05-21 12:41:27,\N,false
189,\N,84,2,135,\N,2019-05-21 10:36:02,1,\N,2019-05-21 10:36:32,\N,true
190,\N,84,2,136,\N,2019-05-21 10:36:02,1,\N,2019-05-21 10:36:32,\N,true
191,\N,84,2,134,\N,2019-05-21 10:36:02,1,\N,2019-05-21 10:36:32,\N,true
192,\N,84,2,137,\N,2019-05-21 10:36:02,1,\N,2019-05-21 10:36:32,\N,true
193,\N,84,1,\N,36,2019-05-21 10:36:32,2,\N,2019-05-21 12:53:17,\N,false
194,\N,85,2,141,\N,2019-05-21 11:12:35,1,\N,2019-05-21 11:13:05,\N,true
195,\N,85,2,139,\N,2019-05-21 11:12:35,1,\N,2019-05-21 11:13:05,\N,true
196,\N,85,2,140,\N,2019-05-21 11:12:35,1,\N,2019-05-21 11:13:05,\N,true
197,\N,85,2,138,\N,2019-05-21 11:12:35,1,\N,2019-05-21 11:13:05,\N,true
198,\N,85,1,\N,37,2019-05-21 11:13:05,2,\N,2019-05-21 13:29:50,\N,false
199,\N,89,2,144,\N,2019-05-21 12:52:27,1,\N,2019-05-21 12:52:57,\N,true
200,\N,89,2,145,\N,2019-05-21 12:52:27,1,\N,2019-05-21 12:52:57,\N,true
201,\N,89,2,142,\N,2019-05-21 12:52:27,1,\N,2019-05-21 12:52:57,\N,true
202,\N,89,2,143,\N,2019-05-21 12:52:27,1,\N,2019-05-21 12:52:57,\N,true
203,\N,89,1,\N,38,2019-05-21 12:52:57,2,\N,2019-05-21 15:09:42,\N,false
204,\N,92,2,149,\N,2019-05-21 15:05:17,1,\N,2019-05-21 15:05:47,\N,true
205,\N,92,2,147,\N,2019-05-21 15:05:17,1,\N,2019-05-21 15:05:47,\N,true
206,\N,92,2,148,\N,2019-05-21 15:05:17,1,\N,2019-05-21 15:05:47,\N,true
207,\N,92,2,146,\N,2019-05-21 15:05:17,1,\N,2019-05-21 15:05:47,\N,true
208,\N,92,1,\N,39,2019-05-21 15:05:47,2,\N,2019-05-21 17:22:32,\N,false
209,\N,93,2,152,\N,2019-05-21 15:21:05,1,\N,2019-05-21 15:21:35,\N,true
210,\N,93,2,153,\N,2019-05-21 15:21:05,1,\N,2019-05-21 15:21:35,\N,true
211,\N,93,2,150,\N,2019-05-21 15:21:05,1,\N,2019-05-21 15:21:35,\N,true
212,\N,93,2,151,\N,2019-05-21 15:21:05,1,\N,2019-05-21 15:21:35,\N,true
213,\N,93,1,\N,40,2019-05-21 15:21:35,2,\N,2019-05-21 17:38:20,\N,false
214,\N,96,2,157,\N,2019-05-22 12:13:30,1,\N,2019-05-22 12:14:00,\N,true
215,\N,96,2,156,\N,2019-05-22 12:13:30,1,\N,2019-05-22 12:14:00,\N,true
216,\N,96,2,155,\N,2019-05-22 12:13:30,1,\N,2019-05-22 12:14:00,\N,true
217,\N,96,2,154,\N,2019-05-22 12:13:30,1,\N,2019-05-22 12:14:00,\N,true
218,\N,96,1,\N,41,2019-05-22 12:14:00,2,\N,2019-05-22 14:30:45,\N,false
219,\N,97,2,161,\N,2019-05-22 12:28:00,1,\N,2019-05-22 12:28:30,\N,true
220,\N,97,2,160,\N,2019-05-22 12:28:00,1,\N,2019-05-22 12:28:30,\N,true
221,\N,97,2,159,\N,2019-05-22 12:28:00,1,\N,2019-05-22 12:28:30,\N,true
222,\N,97,2,158,\N,2019-05-22 12:28:00,1,\N,2019-05-22 12:28:30,\N,true
223,\N,97,1,\N,42,2019-05-22 12:28:30,2,\N,2019-05-22 14:45:15,\N,false
224,\N,98,2,165,\N,2019-05-22 14:16:52,1,\N,2019-05-22 14:17:22,\N,true
225,\N,98,2,164,\N,2019-05-22 14:16:52,1,\N,2019-05-22 14:17:22,\N,true
226,\N,98,2,163,\N,2019-05-22 14:16:52,1,\N,2019-05-22 14:17:22,\N,true
227,\N,98,2,162,\N,2019-05-22 14:16:52,1,\N,2019-05-22 14:17:22,\N,true
228,\N,98,1,\N,43,2019-05-22 14:17:22,2,\N,2019-05-22 16:34:07,\N,false
232,\N,101,2,169,\N,2019-05-22 14:30:07,1,\N,2019-05-22 14:30:37,\N,true
233,\N,101,2,168,\N,2019-05-22 14:30:07,1,\N,2019-05-22 14:30:37,\N,true
234,\N,101,2,167,\N,2019-05-22 14:30:07,1,\N,2019-05-22 14:30:37,\N,true
235,\N,101,2,166,\N,2019-05-22 14:30:07,1,\N,2019-05-22 14:30:37,\N,true
236,\N,101,1,\N,44,2019-05-22 14:30:37,2,\N,2019-05-22 16:47:22,\N,false
237,\N,104,2,177,\N,2019-05-23 11:20:01,1,\N,2019-05-23 11:20:31,\N,true
238,\N,104,2,176,\N,2019-05-23 11:20:01,1,\N,2019-05-23 11:20:31,\N,true
239,\N,104,2,175,\N,2019-05-23 11:20:01,1,\N,2019-05-23 11:20:31,\N,true
240,\N,104,2,174,\N,2019-05-23 11:20:01,1,\N,2019-05-23 11:20:31,\N,true
241,\N,104,1,\N,45,2019-05-23 11:20:31,2,\N,2019-05-23 13:37:16,\N,false
242,\N,106,2,181,\N,2019-05-23 13:44:12,1,\N,2019-05-23 13:44:42,\N,true
243,\N,106,2,180,\N,2019-05-23 13:44:12,1,\N,2019-05-23 13:44:42,\N,true
244,\N,106,2,179,\N,2019-05-23 13:44:12,1,\N,2019-05-23 13:44:42,\N,true
245,\N,106,2,178,\N,2019-05-23 13:44:12,1,\N,2019-05-23 13:44:42,\N,true
246,\N,106,1,\N,46,2019-05-23 13:44:42,2,\N,2019-05-23 16:01:27,\N,false
247,\N,107,2,185,\N,2019-05-23 14:08:24,1,\N,2019-05-23 14:08:54,\N,true
248,\N,107,2,184,\N,2019-05-23 14:08:24,1,\N,2019-05-23 14:08:54,\N,true
249,\N,107,2,183,\N,2019-05-23 14:08:24,1,\N,2019-05-23 14:08:54,\N,true
250,\N,107,2,182,\N,2019-05-23 14:08:24,1,\N,2019-05-23 14:08:54,\N,true
251,\N,107,1,\N,47,2019-05-23 14:08:54,2,\N,2019-05-23 16:25:39,\N,false
252,\N,108,2,189,\N,2019-05-23 17:14:46,1,\N,2019-05-23 17:15:16,\N,true
253,\N,108,2,188,\N,2019-05-23 17:14:46,1,\N,2019-05-23 17:15:16,\N,true
254,\N,108,2,187,\N,2019-05-23 17:14:46,1,\N,2019-05-23 17:15:16,\N,true
255,\N,108,2,186,\N,2019-05-23 17:14:46,1,\N,2019-05-23 17:15:16,\N,true
256,\N,108,1,\N,48,2019-05-23 17:15:16,2,\N,2019-05-23 19:32:01,\N,false
257,\N,110,2,193,\N,2019-05-24 13:11:45,1,\N,2019-05-24 13:12:15,\N,true
258,\N,110,2,192,\N,2019-05-24 13:11:45,1,\N,2019-05-24 13:12:15,\N,true
259,\N,110,2,191,\N,2019-05-24 13:11:45,1,\N,2019-05-24 13:12:15,\N,true
260,\N,110,2,190,\N,2019-05-24 13:11:45,1,\N,2019-05-24 13:12:15,\N,true
261,\N,110,1,\N,49,2019-05-24 13:12:15,2,\N,2019-05-24 15:29:00,\N,false
262,\N,118,2,201,\N,2019-05-28 11:31:37,1,\N,2019-05-28 11:32:07,\N,true
263,\N,118,2,200,\N,2019-05-28 11:31:37,1,\N,2019-05-28 11:32:07,\N,true
264,\N,118,2,199,\N,2019-05-28 11:31:37,1,\N,2019-05-28 11:32:07,\N,true
265,\N,118,2,198,\N,2019-05-28 11:31:37,1,\N,2019-05-28 11:32:07,\N,true
266,\N,118,1,\N,50,2019-05-28 11:32:07,2,\N,2019-05-28 13:48:52,\N,false
282,\N,123,2,205,\N,2019-05-28 11:45:20,1,\N,2019-05-28 11:45:50,\N,true
283,\N,123,2,204,\N,2019-05-28 11:45:20,1,\N,2019-05-28 11:45:50,\N,true
284,\N,123,2,203,\N,2019-05-28 11:45:20,1,\N,2019-05-28 11:45:50,\N,true
285,\N,123,2,202,\N,2019-05-28 11:45:20,1,\N,2019-05-28 11:45:50,\N,true
286,\N,123,1,\N,54,2019-05-28 11:45:50,2,\N,2019-05-28 14:02:35,\N,false
319,\N,131,2,219,\N,2019-05-28 20:03:50,1,\N,2019-05-28 20:04:20,\N,true
320,\N,131,2,220,\N,2019-05-28 20:03:50,1,\N,2019-05-28 20:04:20,\N,true
321,\N,131,2,221,\N,2019-05-28 20:03:50,1,\N,2019-05-28 20:04:20,\N,true
322,\N,131,2,222,\N,2019-05-28 20:03:50,1,\N,2019-05-28 20:04:20,\N,true
323,\N,131,1,\N,61,2019-05-28 20:04:20,2,\N,2019-05-28 22:21:05,\N,false
324,\N,135,2,224,\N,2019-05-28 20:13:48,1,\N,2019-05-28 20:14:18,\N,true
325,\N,135,2,225,\N,2019-05-28 20:13:48,1,\N,2019-05-28 20:14:18,\N,true
326,\N,135,2,226,\N,2019-05-28 20:13:48,1,\N,2019-05-28 20:14:18,\N,true
327,\N,135,2,223,\N,2019-05-28 20:13:48,1,\N,2019-05-28 20:14:18,\N,true
328,\N,135,1,\N,62,2019-05-28 20:14:18,2,\N,2019-05-28 22:31:03,\N,false
329,\N,136,2,229,\N,2019-05-28 20:17:44,1,\N,2019-05-28 20:18:14,\N,true
330,\N,136,2,230,\N,2019-05-28 20:17:44,1,\N,2019-05-28 20:18:14,\N,true
331,\N,136,2,227,\N,2019-05-28 20:17:44,1,\N,2019-05-28 20:18:14,\N,true
332,\N,136,2,228,\N,2019-05-28 20:17:44,1,\N,2019-05-28 20:18:14,\N,true
333,\N,136,1,\N,63,2019-05-28 20:18:14,2,\N,2019-05-28 22:34:59,\N,false
363,\N,142,2,231,\N,2019-05-28 22:23:56,1,\N,2019-05-28 22:24:26,\N,true
364,\N,142,2,232,\N,2019-05-28 22:23:56,1,\N,2019-05-28 22:24:26,\N,true
365,\N,142,2,233,\N,2019-05-28 22:23:56,1,\N,2019-05-28 22:24:26,\N,true
366,\N,142,2,234,\N,2019-05-28 22:23:56,1,\N,2019-05-28 22:24:26,\N,true
367,\N,142,1,\N,69,2019-05-28 22:24:26,2,\N,2019-05-29 00:41:11,\N,false
368,\N,147,2,238,\N,2019-05-29 10:17:09,1,\N,2019-05-29 10:17:39,\N,true
369,\N,147,2,237,\N,2019-05-29 10:17:09,1,\N,2019-05-29 10:17:39,\N,true
370,\N,147,2,236,\N,2019-05-29 10:17:09,1,\N,2019-05-29 10:17:39,\N,true
371,\N,147,2,235,\N,2019-05-29 10:17:09,1,\N,2019-05-29 10:17:39,\N,true
372,\N,147,1,\N,70,2019-05-29 10:17:39,2,\N,2019-05-29 12:34:24,\N,false
373,\N,148,2,242,\N,2019-05-29 10:17:30,1,\N,2019-05-29 10:18:00,\N,true
374,\N,148,2,241,\N,2019-05-29 10:17:30,1,\N,2019-05-29 10:18:00,\N,true
375,\N,148,2,240,\N,2019-05-29 10:17:30,1,\N,2019-05-29 10:18:00,\N,true
376,\N,148,2,239,\N,2019-05-29 10:17:30,1,\N,2019-05-29 10:18:00,\N,true
377,\N,148,1,\N,71,2019-05-29 10:18:00,2,\N,2019-05-29 12:34:45,\N,false
378,\N,149,2,246,\N,2019-05-29 11:14:53,1,\N,2019-05-29 11:15:23,\N,true
379,\N,149,2,245,\N,2019-05-29 11:14:53,1,\N,2019-05-29 11:15:23,\N,true
380,\N,149,2,244,\N,2019-05-29 11:14:53,1,\N,2019-05-29 11:15:23,\N,true
381,\N,149,2,243,\N,2019-05-29 11:14:53,1,\N,2019-05-29 11:15:23,\N,true
382,\N,149,1,\N,72,2019-05-29 11:15:23,2,\N,2019-05-29 13:32:08,\N,false
383,\N,151,2,250,\N,2019-05-29 11:15:37,1,\N,2019-05-29 11:16:07,\N,true
384,\N,151,2,249,\N,2019-05-29 11:15:37,1,\N,2019-05-29 11:16:07,\N,true
385,\N,151,2,248,\N,2019-05-29 11:15:37,1,\N,2019-05-29 11:16:07,\N,true
386,\N,151,2,247,\N,2019-05-29 11:15:37,1,\N,2019-05-29 11:16:07,\N,true
387,\N,151,1,\N,73,2019-05-29 11:16:07,2,\N,2019-05-29 13:32:52,\N,false
388,\N,153,2,258,\N,2019-05-29 13:30:13,1,\N,2019-05-29 13:30:43,\N,true
389,\N,153,2,257,\N,2019-05-29 13:30:13,1,\N,2019-05-29 13:30:43,\N,true
390,\N,153,2,256,\N,2019-05-29 13:30:13,1,\N,2019-05-29 13:30:43,\N,true
391,\N,153,2,255,\N,2019-05-29 13:30:13,1,\N,2019-05-29 13:30:43,\N,true
392,\N,153,2,254,\N,2019-05-29 13:30:13,1,\N,2019-05-29 13:30:43,\N,true
393,\N,153,2,253,\N,2019-05-29 13:30:13,1,\N,2019-05-29 13:30:43,\N,true
394,\N,153,2,252,\N,2019-05-29 13:30:13,1,\N,2019-05-29 13:30:43,\N,true
395,\N,153,2,251,\N,2019-05-29 13:30:13,1,\N,2019-05-29 13:30:43,\N,true
396,\N,153,1,\N,74,2019-05-29 13:30:43,2,\N,2019-05-29 15:47:28,\N,false
397,\N,153,1,\N,75,2019-05-29 13:30:43,2,\N,2019-05-29 15:47:28,\N,false
403,\N,159,2,274,\N,2019-05-30 11:25:15,1,\N,2019-05-30 11:25:45,\N,true
404,\N,159,2,271,\N,2019-05-30 11:25:15,1,\N,2019-05-30 11:25:45,\N,true
405,\N,159,2,272,\N,2019-05-30 11:25:15,1,\N,2019-05-30 11:25:45,\N,true
406,\N,159,2,273,\N,2019-05-30 11:25:15,1,\N,2019-05-30 11:25:45,\N,true
407,\N,159,1,\N,77,2019-05-30 11:25:45,2,\N,2019-05-30 13:42:30,\N,false
413,\N,161,2,277,\N,2019-05-30 11:42:15,1,\N,2019-05-30 11:42:45,\N,true
414,\N,161,2,278,\N,2019-05-30 11:42:15,1,\N,2019-05-30 11:42:45,\N,true
415,\N,161,2,275,\N,2019-05-30 11:42:15,1,\N,2019-05-30 11:42:45,\N,true
416,\N,161,2,276,\N,2019-05-30 11:42:15,1,\N,2019-05-30 11:42:45,\N,true
417,\N,161,1,\N,79,2019-05-30 11:42:45,2,\N,2019-05-30 13:59:30,\N,false
418,\N,163,2,217,\N,2019-05-30 13:24:28,1,\N,2019-05-30 13:24:58,\N,true
419,\N,163,2,218,\N,2019-05-30 13:24:28,1,\N,2019-05-30 13:24:58,\N,true
420,\N,163,2,214,\N,2019-05-30 13:24:28,1,\N,2019-05-30 13:24:58,\N,true
421,\N,163,2,215,\N,2019-05-30 13:24:28,1,\N,2019-05-30 13:24:58,\N,true
422,\N,163,2,216,\N,2019-05-30 13:24:28,1,\N,2019-05-30 13:24:58,\N,true
423,\N,163,1,\N,80,2019-05-30 13:24:58,2,\N,2019-05-30 15:41:43,\N,false
429,\N,166,2,283,\N,2019-05-30 14:08:15,1,\N,2019-05-30 14:08:45,\N,true
430,\N,166,2,284,\N,2019-05-30 14:08:15,1,\N,2019-05-30 14:08:45,\N,true
431,\N,166,2,285,\N,2019-05-30 14:08:15,1,\N,2019-05-30 14:08:45,\N,true
432,\N,166,2,286,\N,2019-05-30 14:08:15,1,\N,2019-05-30 14:08:45,\N,true
433,\N,166,1,\N,82,2019-05-30 14:08:45,2,\N,2019-05-30 16:25:30,\N,false
439,\N,169,2,297,\N,2019-05-31 13:18:15,1,\N,2019-05-31 13:18:45,\N,true
440,\N,169,2,298,\N,2019-05-31 13:18:15,1,\N,2019-05-31 13:18:45,\N,true
441,\N,169,2,295,\N,2019-05-31 13:18:15,1,\N,2019-05-31 13:18:45,\N,true
442,\N,169,2,296,\N,2019-05-31 13:18:15,1,\N,2019-05-31 13:18:45,\N,true
443,\N,169,1,\N,84,2019-05-31 13:18:45,2,\N,2019-05-31 15:35:30,\N,false
444,\N,171,2,294,\N,2019-05-31 14:12:12,1,\N,2019-05-31 14:12:42,\N,true
445,\N,171,2,293,\N,2019-05-31 14:12:12,1,\N,2019-05-31 14:12:42,\N,true
446,\N,171,2,292,\N,2019-05-31 14:12:12,1,\N,2019-05-31 14:12:42,\N,true
447,\N,171,2,291,\N,2019-05-31 14:12:12,1,\N,2019-05-31 14:12:42,\N,true
448,\N,171,1,\N,85,2019-05-31 14:12:42,2,\N,2019-05-31 16:29:27,\N,false
449,\N,172,2,301,\N,2019-06-02 16:10:23,1,\N,2019-06-02 16:10:53,\N,true
450,\N,172,2,299,\N,2019-06-02 16:10:23,1,\N,2019-06-02 16:10:53,\N,true
451,\N,172,2,302,\N,2019-06-02 16:10:23,1,\N,2019-06-02 16:10:53,\N,true
452,\N,172,2,300,\N,2019-06-02 16:10:23,1,\N,2019-06-02 16:10:53,\N,true
453,\N,172,1,\N,86,2019-06-02 16:10:53,2,\N,2019-06-02 18:27:38,\N,false
454,\N,174,2,303,\N,2019-06-03 13:14:55,1,\N,2019-06-03 13:15:25,\N,true
455,\N,174,2,304,\N,2019-06-03 13:14:55,1,\N,2019-06-03 13:15:25,\N,true
456,\N,174,2,305,\N,2019-06-03 13:14:55,1,\N,2019-06-03 13:15:25,\N,true
457,\N,174,2,306,\N,2019-06-03 13:14:55,1,\N,2019-06-03 13:15:25,\N,true
458,\N,174,1,\N,87,2019-06-03 13:15:25,2,\N,2019-06-03 15:32:10,\N,false
459,\N,176,2,307,\N,2019-06-03 14:21:08,1,\N,2019-06-03 14:21:38,\N,true
460,\N,176,2,308,\N,2019-06-03 14:21:08,1,\N,2019-06-03 14:21:38,\N,true
461,\N,176,2,309,\N,2019-06-03 14:21:08,1,\N,2019-06-03 14:21:38,\N,true
462,\N,176,2,310,\N,2019-06-03 14:21:08,1,\N,2019-06-03 14:21:38,\N,true
463,\N,176,1,\N,88,2019-06-03 14:21:38,2,\N,2019-06-03 16:38:23,\N,false
